"filename", "language", "Markdown", "C", "C++", "comment", "blank", "total"
"c:\Users\JIN01\Desktop\Solution-for-C-Primer-Plus-the-6th-\Chapter 10\arf.c", "C", 0, 33, 0, 0, 8, 41
"c:\Users\JIN01\Desktop\Solution-for-C-Primer-Plus-the-6th-\Chapter 10\array2d.c", "C", 0, 60, 0, 0, 9, 69
"c:\Users\JIN01\Desktop\Solution-for-C-Primer-Plus-the-6th-\Chapter 10\bounds.c", "C", 0, 24, 0, 0, 3, 27
"c:\Users\JIN01\Desktop\Solution-for-C-Primer-Plus-the-6th-\Chapter 10\day_mon1.c", "C", 0, 12, 0, 0, 3, 15
"c:\Users\JIN01\Desktop\Solution-for-C-Primer-Plus-the-6th-\Chapter 10\day_mon2.c", "C", 0, 11, 0, 0, 2, 13
"c:\Users\JIN01\Desktop\Solution-for-C-Primer-Plus-the-6th-\Chapter 10\day_mon3.c", "C", 0, 12, 0, 0, 3, 15
"c:\Users\JIN01\Desktop\Solution-for-C-Primer-Plus-the-6th-\Chapter 10\designate.c", "C", 0, 12, 0, 0, 2, 14
"c:\Users\JIN01\Desktop\Solution-for-C-Primer-Plus-the-6th-\Chapter 10\flc.c", "C", 0, 43, 0, 0, 8, 51
"c:\Users\JIN01\Desktop\Solution-for-C-Primer-Plus-the-6th-\Chapter 10\no_data.c", "C", 0, 13, 0, 0, 1, 14
"c:\Users\JIN01\Desktop\Solution-for-C-Primer-Plus-the-6th-\Chapter 10\order.c", "C", 0, 13, 0, 0, 2, 15
"c:\Users\JIN01\Desktop\Solution-for-C-Primer-Plus-the-6th-\Chapter 10\pnt_add.c", "C", 0, 18, 0, 0, 2, 20
"c:\Users\JIN01\Desktop\Solution-for-C-Primer-Plus-the-6th-\Chapter 10\practice\1.c", "C", 0, 38, 0, 0, 4, 42
"c:\Users\JIN01\Desktop\Solution-for-C-Primer-Plus-the-6th-\Chapter 10\practice\10.c", "C", 0, 21, 0, 0, 3, 24
"c:\Users\JIN01\Desktop\Solution-for-C-Primer-Plus-the-6th-\Chapter 10\practice\11.c", "C", 0, 39, 0, 0, 4, 43
"c:\Users\JIN01\Desktop\Solution-for-C-Primer-Plus-the-6th-\Chapter 10\practice\12.c", "C", 0, 50, 0, 0, 8, 58
"c:\Users\JIN01\Desktop\Solution-for-C-Primer-Plus-the-6th-\Chapter 10\practice\13.c", "C", 0, 83, 0, 0, 7, 90
"c:\Users\JIN01\Desktop\Solution-for-C-Primer-Plus-the-6th-\Chapter 10\practice\14.c", "C", 0, 82, 0, 0, 7, 89
"c:\Users\JIN01\Desktop\Solution-for-C-Primer-Plus-the-6th-\Chapter 10\practice\2.c", "C", 0, 39, 0, 0, 9, 48
"c:\Users\JIN01\Desktop\Solution-for-C-Primer-Plus-the-6th-\Chapter 10\practice\3.c", "C", 0, 20, 0, 0, 7, 27
"c:\Users\JIN01\Desktop\Solution-for-C-Primer-Plus-the-6th-\Chapter 10\practice\4.c", "C", 0, 22, 0, 0, 7, 29
"c:\Users\JIN01\Desktop\Solution-for-C-Primer-Plus-the-6th-\Chapter 10\practice\5.c", "C", 0, 25, 0, 0, 8, 33
"c:\Users\JIN01\Desktop\Solution-for-C-Primer-Plus-the-6th-\Chapter 10\practice\6.c", "C", 0, 34, 0, 0, 4, 38
"c:\Users\JIN01\Desktop\Solution-for-C-Primer-Plus-the-6th-\Chapter 10\practice\7.c", "C", 0, 66, 0, 0, 9, 75
"c:\Users\JIN01\Desktop\Solution-for-C-Primer-Plus-the-6th-\Chapter 10\practice\8.c", "C", 0, 28, 0, 0, 8, 36
"c:\Users\JIN01\Desktop\Solution-for-C-Primer-Plus-the-6th-\Chapter 10\practice\9.c", "C", 0, 36, 0, 0, 4, 40
"c:\Users\JIN01\Desktop\Solution-for-C-Primer-Plus-the-6th-\Chapter 10\ptr_ops.c", "C", 0, 28, 0, 0, 10, 38
"c:\Users\JIN01\Desktop\Solution-for-C-Primer-Plus-the-6th-\Chapter 10\rain.c", "C", 0, 40, 0, 0, 3, 43
"c:\Users\JIN01\Desktop\Solution-for-C-Primer-Plus-the-6th-\Chapter 10\somedata.c", "C", 0, 13, 0, 0, 2, 15
"c:\Users\JIN01\Desktop\Solution-for-C-Primer-Plus-the-6th-\Chapter 10\sum_arr1.c", "C", 0, 23, 0, 0, 5, 28
"c:\Users\JIN01\Desktop\Solution-for-C-Primer-Plus-the-6th-\Chapter 10\sum_arr2.c", "C", 0, 21, 0, 0, 5, 26
"c:\Users\JIN01\Desktop\Solution-for-C-Primer-Plus-the-6th-\Chapter 10\vararr2d.c", "C", 0, 44, 0, 0, 8, 52
"c:\Users\JIN01\Desktop\Solution-for-C-Primer-Plus-the-6th-\Chapter 10\zippo1.c", "C", 0, 17, 0, 0, 1, 18
"c:\Users\JIN01\Desktop\Solution-for-C-Primer-Plus-the-6th-\Chapter 10\zippo2.c", "C", 0, 19, 0, 0, 2, 21
"c:\Users\JIN01\Desktop\Solution-for-C-Primer-Plus-the-6th-\Chapter 11\addresses.c", "C", 0, 13, 0, 0, 2, 15
"c:\Users\JIN01\Desktop\Solution-for-C-Primer-Plus-the-6th-\Chapter 11\arrchar.c", "C", 0, 29, 0, 0, 2, 31
"c:\Users\JIN01\Desktop\Solution-for-C-Primer-Plus-the-6th-\Chapter 11\compare.c", "C", 0, 44, 0, 0, 5, 49
"c:\Users\JIN01\Desktop\Solution-for-C-Primer-Plus-the-6th-\Chapter 11\compback.c", "C", 0, 18, 0, 0, 6, 24
"c:\Users\JIN01\Desktop\Solution-for-C-Primer-Plus-the-6th-\Chapter 11\copy1.c", "C", 0, 55, 0, 0, 5, 60
"c:\Users\JIN01\Desktop\Solution-for-C-Primer-Plus-the-6th-\Chapter 11\copy2.c", "C", 0, 16, 0, 0, 3, 19
"c:\Users\JIN01\Desktop\Solution-for-C-Primer-Plus-the-6th-\Chapter 11\copy3.c", "C", 0, 57, 0, 0, 5, 62
"c:\Users\JIN01\Desktop\Solution-for-C-Primer-Plus-the-6th-\Chapter 11\fgets1.c", "C", 0, 18, 0, 0, 2, 20
"c:\Users\JIN01\Desktop\Solution-for-C-Primer-Plus-the-6th-\Chapter 11\fgets2.c", "C", 0, 13, 0, 0, 2, 15
"c:\Users\JIN01\Desktop\Solution-for-C-Primer-Plus-the-6th-\Chapter 11\fgets3.c", "C", 0, 30, 0, 0, 0, 30
"c:\Users\JIN01\Desktop\Solution-for-C-Primer-Plus-the-6th-\Chapter 11\format.c", "C", 0, 44, 0, 0, 5, 49
"c:\Users\JIN01\Desktop\Solution-for-C-Primer-Plus-the-6th-\Chapter 11\getsputs.c", "C", 0, 13, 0, 0, 2, 15
"c:\Users\JIN01\Desktop\Solution-for-C-Primer-Plus-the-6th-\Chapter 11\hello.c", "C", 0, 18, 0, 0, 2, 20
"c:\Users\JIN01\Desktop\Solution-for-C-Primer-Plus-the-6th-\Chapter 11\join_chk.c", "C", 0, 50, 0, 0, 4, 54
"c:\Users\JIN01\Desktop\Solution-for-C-Primer-Plus-the-6th-\Chapter 11\mod_str.c", "C", 0, 43, 0, 0, 7, 50
"c:\Users\JIN01\Desktop\Solution-for-C-Primer-Plus-the-6th-\Chapter 11\nogo.c", "C", 0, 42, 0, 0, 5, 47
"c:\Users\JIN01\Desktop\Solution-for-C-Primer-Plus-the-6th-\Chapter 11\nono.c", "C", 0, 9, 0, 0, 2, 11
"c:\Users\JIN01\Desktop\Solution-for-C-Primer-Plus-the-6th-\Chapter 11\p_and_s.c", "C", 0, 11, 0, 0, 2, 13
"c:\Users\JIN01\Desktop\Solution-for-C-Primer-Plus-the-6th-\Chapter 11\practice\1.c", "C", 0, 21, 0, 0, 6, 27
"c:\Users\JIN01\Desktop\Solution-for-C-Primer-Plus-the-6th-\Chapter 11\practice\10.c", "C", 0, 42, 0, 0, 4, 46
"c:\Users\JIN01\Desktop\Solution-for-C-Primer-Plus-the-6th-\Chapter 11\practice\11.c", "C", 0, 152, 0, 0, 13, 165
"c:\Users\JIN01\Desktop\Solution-for-C-Primer-Plus-the-6th-\Chapter 11\practice\12.c", "C", 0, 104, 0, 0, 11, 115
"c:\Users\JIN01\Desktop\Solution-for-C-Primer-Plus-the-6th-\Chapter 11\practice\13.c", "C", 0, 17, 0, 0, 1, 18
"c:\Users\JIN01\Desktop\Solution-for-C-Primer-Plus-the-6th-\Chapter 11\practice\14.c", "C", 0, 19, 0, 0, 3, 22
"c:\Users\JIN01\Desktop\Solution-for-C-Primer-Plus-the-6th-\Chapter 11\practice\15.c", "C", 0, 29, 0, 0, 5, 34
"c:\Users\JIN01\Desktop\Solution-for-C-Primer-Plus-the-6th-\Chapter 11\practice\16.c", "C", 0, 63, 0, 0, 5, 68
"c:\Users\JIN01\Desktop\Solution-for-C-Primer-Plus-the-6th-\Chapter 11\practice\2.c", "C", 0, 25, 0, 0, 5, 30
"c:\Users\JIN01\Desktop\Solution-for-C-Primer-Plus-the-6th-\Chapter 11\practice\3.c", "C", 0, 27, 0, 0, 4, 31
"c:\Users\JIN01\Desktop\Solution-for-C-Primer-Plus-the-6th-\Chapter 11\practice\4.c", "C", 0, 29, 0, 0, 4, 33
"c:\Users\JIN01\Desktop\Solution-for-C-Primer-Plus-the-6th-\Chapter 11\practice\5.c", "C", 0, 43, 0, 0, 2, 45
"c:\Users\JIN01\Desktop\Solution-for-C-Primer-Plus-the-6th-\Chapter 11\practice\6.c", "C", 0, 43, 0, 0, 2, 45
"c:\Users\JIN01\Desktop\Solution-for-C-Primer-Plus-the-6th-\Chapter 11\practice\7.c", "C", 0, 44, 0, 0, 2, 46
"c:\Users\JIN01\Desktop\Solution-for-C-Primer-Plus-the-6th-\Chapter 11\practice\8.c", "C", 0, 49, 0, 0, 2, 51
"c:\Users\JIN01\Desktop\Solution-for-C-Primer-Plus-the-6th-\Chapter 11\practice\9.c", "C", 0, 33, 0, 0, 3, 36
"c:\Users\JIN01\Desktop\Solution-for-C-Primer-Plus-the-6th-\Chapter 11\put1.c", "C", 0, 9, 0, 0, 0, 9
"c:\Users\JIN01\Desktop\Solution-for-C-Primer-Plus-the-6th-\Chapter 11\put2.c", "C", 0, 12, 0, 0, 1, 13
"c:\Users\JIN01\Desktop\Solution-for-C-Primer-Plus-the-6th-\Chapter 11\put_out.c", "C", 0, 14, 0, 0, 2, 16
"c:\Users\JIN01\Desktop\Solution-for-C-Primer-Plus-the-6th-\Chapter 11\put_put.c", "C", 0, 30, 0, 0, 5, 35
"c:\Users\JIN01\Desktop\Solution-for-C-Primer-Plus-the-6th-\Chapter 11\quit_chk.c", "C", 0, 43, 0, 0, 5, 48
"c:\Users\JIN01\Desktop\Solution-for-C-Primer-Plus-the-6th-\Chapter 11\repeat.c", "C", 0, 12, 0, 0, 2, 14
"c:\Users\JIN01\Desktop\Solution-for-C-Primer-Plus-the-6th-\Chapter 11\s_gets().c", "C", 0, 26, 0, 0, 1, 27
"c:\Users\JIN01\Desktop\Solution-for-C-Primer-Plus-the-6th-\Chapter 11\scan_str.c", "C", 0, 10, 0, 0, 2, 12
"c:\Users\JIN01\Desktop\Solution-for-C-Primer-Plus-the-6th-\Chapter 11\sort_str.c", "C", 0, 70, 0, 0, 6, 76
"c:\Users\JIN01\Desktop\Solution-for-C-Primer-Plus-the-6th-\Chapter 11\starsrch.c", "C", 0, 24, 0, 0, 2, 26
"c:\Users\JIN01\Desktop\Solution-for-C-Primer-Plus-the-6th-\Chapter 11\str_cat.c", "C", 0, 47, 0, 0, 4, 51
"c:\Users\JIN01\Desktop\Solution-for-C-Primer-Plus-the-6th-\Chapter 11\strcnvt.c", "C", 0, 46, 0, 0, 5, 51
"c:\Users\JIN01\Desktop\Solution-for-C-Primer-Plus-the-6th-\Chapter 11\strings1.c", "C", 0, 15, 0, 0, 2, 17
"c:\Users\JIN01\Desktop\Solution-for-C-Primer-Plus-the-6th-\Chapter 11\strptr.c", "C", 0, 6, 0, 0, 1, 7
"c:\Users\JIN01\Desktop\Solution-for-C-Primer-Plus-the-6th-\Chapter 11\test_fit.c", "C", 0, 22, 0, 0, 3, 25
"c:\Users\JIN01\Desktop\Solution-for-C-Primer-Plus-the-6th-\Chapter 12\7.c", "C", 0, 0, 0, 0, 1, 1
"c:\Users\JIN01\Desktop\Solution-for-C-Primer-Plus-the-6th-\Chapter 12\Practice\1\1.c", "C", 0, 20, 0, 0, 5, 25
"c:\Users\JIN01\Desktop\Solution-for-C-Primer-Plus-the-6th-\Chapter 12\Practice\2\pe12-2a.c", "C", 0, 55, 0, 0, 4, 59
"c:\Users\JIN01\Desktop\Solution-for-C-Primer-Plus-the-6th-\Chapter 12\Practice\2\pe12-2a.h", "C++", 0, 0, 6, 0, 2, 8
"c:\Users\JIN01\Desktop\Solution-for-C-Primer-Plus-the-6th-\Chapter 12\Practice\2\pe12-2b.c", "C", 0, 20, 0, 0, 2, 22
"c:\Users\JIN01\Desktop\Solution-for-C-Primer-Plus-the-6th-\Chapter 12\Practice\3\pe12-3a.c", "C", 0, 56, 0, 0, 4, 60
"c:\Users\JIN01\Desktop\Solution-for-C-Primer-Plus-the-6th-\Chapter 12\Practice\3\pe12-3a.h", "C++", 0, 0, 4, 0, 2, 6
"c:\Users\JIN01\Desktop\Solution-for-C-Primer-Plus-the-6th-\Chapter 12\Practice\3\pe12-3b.c", "C", 0, 21, 0, 0, 3, 24
"c:\Users\JIN01\Desktop\Solution-for-C-Primer-Plus-the-6th-\Chapter 12\Practice\4.c", "C", 0, 15, 0, 0, 3, 18
"c:\Users\JIN01\Desktop\Solution-for-C-Primer-Plus-the-6th-\Chapter 12\Practice\5.c", "C", 0, 43, 0, 0, 3, 46
"c:\Users\JIN01\Desktop\Solution-for-C-Primer-Plus-the-6th-\Chapter 12\Practice\6.c", "C", 0, 29, 0, 0, 1, 30
"c:\Users\JIN01\Desktop\Solution-for-C-Primer-Plus-the-6th-\Chapter 12\Practice\7\diceroll.c", "C", 0, 31, 0, 0, 7, 38
"c:\Users\JIN01\Desktop\Solution-for-C-Primer-Plus-the-6th-\Chapter 12\Practice\7\diceroll.h", "C++", 0, 0, 2, 0, 1, 3
"c:\Users\JIN01\Desktop\Solution-for-C-Primer-Plus-the-6th-\Chapter 12\Practice\7\manydice.c", "C", 0, 31, 0, 0, 3, 34
"c:\Users\JIN01\Desktop\Solution-for-C-Primer-Plus-the-6th-\Chapter 12\Practice\8.c", "C", 0, 50, 0, 0, 2, 52
"c:\Users\JIN01\Desktop\Solution-for-C-Primer-Plus-the-6th-\Chapter 12\Practice\9.c", "C", 0, 27, 0, 0, 0, 27
"c:\Users\JIN01\Desktop\Solution-for-C-Primer-Plus-the-6th-\Chapter 12\dyn_arr.c", "C", 0, 36, 0, 0, 3, 39
"c:\Users\JIN01\Desktop\Solution-for-C-Primer-Plus-the-6th-\Chapter 12\forc99.c", "C", 0, 20, 0, 0, 2, 22
"c:\Users\JIN01\Desktop\Solution-for-C-Primer-Plus-the-6th-\Chapter 12\global.c", "C", 0, 21, 0, 0, 4, 25
"c:\Users\JIN01\Desktop\Solution-for-C-Primer-Plus-the-6th-\Chapter 12\hiding.c", "C", 0, 18, 0, 0, 2, 20
"c:\Users\JIN01\Desktop\Solution-for-C-Primer-Plus-the-6th-\Chapter 12\loc_state.c", "C", 0, 19, 0, 0, 6, 25
"c:\Users\JIN01\Desktop\Solution-for-C-Primer-Plus-the-6th-\Chapter 12\manydice\diceroll.c", "C", 0, 31, 0, 0, 7, 38
"c:\Users\JIN01\Desktop\Solution-for-C-Primer-Plus-the-6th-\Chapter 12\manydice\diceroll.h", "C++", 0, 0, 2, 0, 1, 3
"c:\Users\JIN01\Desktop\Solution-for-C-Primer-Plus-the-6th-\Chapter 12\manydice\manydice.c", "C", 0, 41, 0, 0, 3, 44
"c:\Users\JIN01\Desktop\Solution-for-C-Primer-Plus-the-6th-\Chapter 12\rand0\r_drive0.c", "C", 0, 11, 0, 0, 3, 14
"c:\Users\JIN01\Desktop\Solution-for-C-Primer-Plus-the-6th-\Chapter 12\rand0\rand0.c", "C", 0, 6, 0, 0, 1, 7
"c:\Users\JIN01\Desktop\Solution-for-C-Primer-Plus-the-6th-\Chapter 12\s_and_r\r_drive.c", "C", 0, 21, 0, 0, 3, 24
"c:\Users\JIN01\Desktop\Solution-for-C-Primer-Plus-the-6th-\Chapter 12\s_and_r\s_and_r.c", "C", 0, 10, 0, 0, 3, 13
"c:\Users\JIN01\Desktop\Solution-for-C-Primer-Plus-the-6th-\Chapter 12\storage\parta.c", "C", 0, 26, 0, 0, 5, 31
"c:\Users\JIN01\Desktop\Solution-for-C-Primer-Plus-the-6th-\Chapter 12\storage\partb.c", "C", 0, 20, 0, 0, 5, 25
"c:\Users\JIN01\Desktop\Solution-for-C-Primer-Plus-the-6th-\Chapter 12\test.c", "C", 0, 8, 0, 0, 0, 8
"c:\Users\JIN01\Desktop\Solution-for-C-Primer-Plus-the-6th-\Chapter 12\where.c", "C", 0, 26, 0, 0, 4, 30
"c:\Users\JIN01\Desktop\Solution-for-C-Primer-Plus-the-6th-\Chapter 13\addword.c", "C", 0, 32, 0, 0, 3, 35
"c:\Users\JIN01\Desktop\Solution-for-C-Primer-Plus-the-6th-\Chapter 13\append.c", "C", 0, 101, 0, 0, 6, 107
"c:\Users\JIN01\Desktop\Solution-for-C-Primer-Plus-the-6th-\Chapter 13\count.c", "C", 0, 29, 0, 1, 2, 32
"c:\Users\JIN01\Desktop\Solution-for-C-Primer-Plus-the-6th-\Chapter 13\reducto.c", "C", 0, 41, 0, 0, 4, 45
"c:\Users\JIN01\Desktop\Solution-for-C-Primer-Plus-the-6th-\Chapter 13\reverse.c", "C", 0, 32, 0, 0, 3, 35
"c:\Users\JIN01\Desktop\Solution-for-C-Primer-Plus-the-6th-\Chapter 1\1.1.c", "C", 0, 9, 0, 0, 3, 12
"c:\Users\JIN01\Desktop\Solution-for-C-Primer-Plus-the-6th-\Chapter 1\concrete.c", "C", 0, 6, 0, 0, 1, 7
"c:\Users\JIN01\Desktop\Solution-for-C-Primer-Plus-the-6th-\Chapter 2\Practice\1.c", "C", 0, 13, 0, 1, 1, 15
"c:\Users\JIN01\Desktop\Solution-for-C-Primer-Plus-the-6th-\Chapter 2\Practice\2.c", "C", 0, 10, 0, 1, 2, 13
"c:\Users\JIN01\Desktop\Solution-for-C-Primer-Plus-the-6th-\Chapter 2\Practice\3.c", "C", 0, 9, 0, 0, 3, 12
"c:\Users\JIN01\Desktop\Solution-for-C-Primer-Plus-the-6th-\Chapter 2\Practice\4.c", "C", 0, 19, 0, 4, 3, 26
"c:\Users\JIN01\Desktop\Solution-for-C-Primer-Plus-the-6th-\Chapter 2\Practice\5.c", "C", 0, 22, 0, 0, 4, 26
"c:\Users\JIN01\Desktop\Solution-for-C-Primer-Plus-the-6th-\Chapter 2\Practice\6.c", "C", 0, 10, 0, 0, 3, 13
"c:\Users\JIN01\Desktop\Solution-for-C-Primer-Plus-the-6th-\Chapter 2\Practice\7.c", "C", 0, 18, 0, 0, 4, 22
"c:\Users\JIN01\Desktop\Solution-for-C-Primer-Plus-the-6th-\Chapter 2\Practice\8.c", "C", 0, 20, 0, 0, 5, 25
"c:\Users\JIN01\Desktop\Solution-for-C-Primer-Plus-the-6th-\Chapter 2\fathm_ft.c", "C", 0, 10, 0, 1, 2, 13
"c:\Users\JIN01\Desktop\Solution-for-C-Primer-Plus-the-6th-\Chapter 2\first.c", "C", 0, 10, 0, 0, 2, 12
"c:\Users\JIN01\Desktop\Solution-for-C-Primer-Plus-the-6th-\Chapter 2\nogood.c", "C", 0, 10, 0, 5, 3, 18
"c:\Users\JIN01\Desktop\Solution-for-C-Primer-Plus-the-6th-\Chapter 2\two_func.c", "C", 0, 13, 0, 1, 2, 16
"c:\Users\JIN01\Desktop\Solution-for-C-Primer-Plus-the-6th-\Chapter 3\Practice\1.c", "C", 0, 15, 0, 0, 3, 18
"c:\Users\JIN01\Desktop\Solution-for-C-Primer-Plus-the-6th-\Chapter 3\Practice\2.c", "C", 0, 9, 0, 0, 2, 11
"c:\Users\JIN01\Desktop\Solution-for-C-Primer-Plus-the-6th-\Chapter 3\Practice\3.c", "C", 0, 9, 0, 0, 2, 11
"c:\Users\JIN01\Desktop\Solution-for-C-Primer-Plus-the-6th-\Chapter 3\Practice\4.c", "C", 0, 11, 0, 0, 3, 14
"c:\Users\JIN01\Desktop\Solution-for-C-Primer-Plus-the-6th-\Chapter 3\Practice\5.c", "C", 0, 12, 0, 0, 5, 17
"c:\Users\JIN01\Desktop\Solution-for-C-Primer-Plus-the-6th-\Chapter 3\Practice\6.c", "C", 0, 12, 0, 0, 3, 15
"c:\Users\JIN01\Desktop\Solution-for-C-Primer-Plus-the-6th-\Chapter 3\Practice\7.c", "C", 0, 11, 0, 0, 2, 13
"c:\Users\JIN01\Desktop\Solution-for-C-Primer-Plus-the-6th-\Chapter 3\Practice\8.c", "C", 0, 17, 0, 0, 4, 21
"c:\Users\JIN01\Desktop\Solution-for-C-Primer-Plus-the-6th-\Chapter 3\altnames.c", "C", 0, 13, 0, 1, 3, 17
"c:\Users\JIN01\Desktop\Solution-for-C-Primer-Plus-the-6th-\Chapter 3\bases.c", "C", 0, 8, 0, 1, 2, 11
"c:\Users\JIN01\Desktop\Solution-for-C-Primer-Plus-the-6th-\Chapter 3\charcode.c", "C", 0, 9, 0, 1, 2, 12
"c:\Users\JIN01\Desktop\Solution-for-C-Primer-Plus-the-6th-\Chapter 3\escape.c", "C", 0, 11, 0, 5, 3, 19
"c:\Users\JIN01\Desktop\Solution-for-C-Primer-Plus-the-6th-\Chapter 3\platinum.c", "C", 0, 15, 0, 4, 3, 22
"c:\Users\JIN01\Desktop\Solution-for-C-Primer-Plus-the-6th-\Chapter 3\print1.c", "C", 0, 11, 0, 1, 2, 14
"c:\Users\JIN01\Desktop\Solution-for-C-Primer-Plus-the-6th-\Chapter 3\print2.c", "C", 0, 13, 0, 1, 2, 16
"c:\Users\JIN01\Desktop\Solution-for-C-Primer-Plus-the-6th-\Chapter 3\showf_pt.c", "C", 0, 12, 0, 1, 3, 16
"c:\Users\JIN01\Desktop\Solution-for-C-Primer-Plus-the-6th-\Chapter 3\toobig.c", "C", 0, 9, 0, 1, 2, 12
"c:\Users\JIN01\Desktop\Solution-for-C-Primer-Plus-the-6th-\Chapter 3\typesize.c", "C", 0, 11, 0, 1, 3, 15
"c:\Users\JIN01\Desktop\Solution-for-C-Primer-Plus-the-6th-\Chapter 4\Practice\4.1.c", "C", 0, 12, 0, 0, 4, 16
"c:\Users\JIN01\Desktop\Solution-for-C-Primer-Plus-the-6th-\Chapter 4\Practice\4.2.c", "C", 0, 14, 0, 0, 3, 17
"c:\Users\JIN01\Desktop\Solution-for-C-Primer-Plus-the-6th-\Chapter 4\Practice\4.3.c", "C", 0, 10, 0, 0, 0, 10
"c:\Users\JIN01\Desktop\Solution-for-C-Primer-Plus-the-6th-\Chapter 4\Practice\4.4.c", "C", 0, 12, 0, 0, 1, 13
"c:\Users\JIN01\Desktop\Solution-for-C-Primer-Plus-the-6th-\Chapter 4\Practice\4.5.c", "C", 0, 12, 0, 0, 0, 12
"c:\Users\JIN01\Desktop\Solution-for-C-Primer-Plus-the-6th-\Chapter 4\Practice\4.6.c", "C", 0, 19, 0, 0, 6, 25
"c:\Users\JIN01\Desktop\Solution-for-C-Primer-Plus-the-6th-\Chapter 4\Practice\4.7.c", "C", 0, 16, 0, 0, 2, 18
"c:\Users\JIN01\Desktop\Solution-for-C-Primer-Plus-the-6th-\Chapter 4\Practice\4.8.c", "C", 0, 14, 0, 0, 2, 16
"c:\Users\JIN01\Desktop\Solution-for-C-Primer-Plus-the-6th-\Chapter 4\defines.c", "C", 0, 15, 0, 0, 2, 17
"c:\Users\JIN01\Desktop\Solution-for-C-Primer-Plus-the-6th-\Chapter 4\flags.c", "C", 0, 8, 0, 0, 1, 9
"c:\Users\JIN01\Desktop\Solution-for-C-Primer-Plus-the-6th-\Chapter 4\floatcnv.c", "C", 0, 12, 0, 0, 2, 14
"c:\Users\JIN01\Desktop\Solution-for-C-Primer-Plus-the-6th-\Chapter 4\floats.c", "C", 0, 14, 0, 0, 3, 17
"c:\Users\JIN01\Desktop\Solution-for-C-Primer-Plus-the-6th-\Chapter 4\input.c", "C", 0, 12, 0, 0, 3, 15
"c:\Users\JIN01\Desktop\Solution-for-C-Primer-Plus-the-6th-\Chapter 4\intconv.c", "C", 0, 13, 0, 0, 2, 15
"c:\Users\JIN01\Desktop\Solution-for-C-Primer-Plus-the-6th-\Chapter 4\longstrg.c", "C", 0, 11, 0, 0, 0, 11
"c:\Users\JIN01\Desktop\Solution-for-C-Primer-Plus-the-6th-\Chapter 4\pizza.c", "C", 0, 13, 0, 0, 1, 14
"c:\Users\JIN01\Desktop\Solution-for-C-Primer-Plus-the-6th-\Chapter 4\praise1.c", "C", 0, 10, 0, 0, 3, 13
"c:\Users\JIN01\Desktop\Solution-for-C-Primer-Plus-the-6th-\Chapter 4\praise2.c", "C", 0, 14, 0, 0, 4, 18
"c:\Users\JIN01\Desktop\Solution-for-C-Primer-Plus-the-6th-\Chapter 4\printout.c", "C", 0, 13, 0, 0, 2, 15
"c:\Users\JIN01\Desktop\Solution-for-C-Primer-Plus-the-6th-\Chapter 4\prntval.c", "C", 0, 9, 0, 0, 2, 11
"c:\Users\JIN01\Desktop\Solution-for-C-Primer-Plus-the-6th-\Chapter 4\skip2.c", "C", 0, 9, 0, 0, 2, 11
"c:\Users\JIN01\Desktop\Solution-for-C-Primer-Plus-the-6th-\Chapter 4\stringf.c", "C", 0, 10, 0, 0, 2, 12
"c:\Users\JIN01\Desktop\Solution-for-C-Primer-Plus-the-6th-\Chapter 4\talkback.c", "C", 0, 18, 0, 0, 4, 22
"c:\Users\JIN01\Desktop\Solution-for-C-Primer-Plus-the-6th-\Chapter 4\varwid.c", "C", 0, 15, 0, 0, 2, 17
"c:\Users\JIN01\Desktop\Solution-for-C-Primer-Plus-the-6th-\Chapter 4\width.c", "C", 0, 10, 0, 0, 1, 11
"c:\Users\JIN01\Desktop\Solution-for-C-Primer-Plus-the-6th-\Chapter 5\add_one.c", "C", 0, 11, 0, 0, 2, 13
"c:\Users\JIN01\Desktop\Solution-for-C-Primer-Plus-the-6th-\Chapter 5\addemup.c", "C", 0, 11, 0, 0, 1, 12
"c:\Users\JIN01\Desktop\Solution-for-C-Primer-Plus-the-6th-\Chapter 5\bottles.c", "C", 0, 14, 0, 0, 0, 14
"c:\Users\JIN01\Desktop\Solution-for-C-Primer-Plus-the-6th-\Chapter 5\convert.c", "C", 0, 18, 0, 0, 2, 20
"c:\Users\JIN01\Desktop\Solution-for-C-Primer-Plus-the-6th-\Chapter 5\divide.c", "C", 0, 10, 0, 0, 1, 11
"c:\Users\JIN01\Desktop\Solution-for-C-Primer-Plus-the-6th-\Chapter 5\golf.c", "C", 0, 9, 0, 0, 2, 11
"c:\Users\JIN01\Desktop\Solution-for-C-Primer-Plus-the-6th-\Chapter 5\min_sec.c", "C", 0, 19, 0, 0, 3, 22
"c:\Users\JIN01\Desktop\Solution-for-C-Primer-Plus-the-6th-\Chapter 5\post_pre.c", "C", 0, 11, 0, 0, 3, 14
"c:\Users\JIN01\Desktop\Solution-for-C-Primer-Plus-the-6th-\Chapter 5\pound.c", "C", 0, 18, 0, 0, 3, 21
"c:\Users\JIN01\Desktop\Solution-for-C-Primer-Plus-the-6th-\Chapter 5\practice\1.c", "C", 0, 19, 0, 0, 0, 19
"c:\Users\JIN01\Desktop\Solution-for-C-Primer-Plus-the-6th-\Chapter 5\practice\2.c", "C", 0, 14, 0, 0, 2, 16
"c:\Users\JIN01\Desktop\Solution-for-C-Primer-Plus-the-6th-\Chapter 5\practice\3.c", "C", 0, 19, 0, 0, 1, 20
"c:\Users\JIN01\Desktop\Solution-for-C-Primer-Plus-the-6th-\Chapter 5\practice\4.c", "C", 0, 20, 0, 0, 1, 21
"c:\Users\JIN01\Desktop\Solution-for-C-Primer-Plus-the-6th-\Chapter 5\practice\5.c", "C", 0, 14, 0, 0, 1, 15
"c:\Users\JIN01\Desktop\Solution-for-C-Primer-Plus-the-6th-\Chapter 5\practice\6.c", "C", 0, 15, 0, 0, 0, 15
"c:\Users\JIN01\Desktop\Solution-for-C-Primer-Plus-the-6th-\Chapter 5\practice\7.c", "C", 0, 17, 0, 0, 1, 18
"c:\Users\JIN01\Desktop\Solution-for-C-Primer-Plus-the-6th-\Chapter 5\practice\8.c", "C", 0, 17, 0, 0, 2, 19
"c:\Users\JIN01\Desktop\Solution-for-C-Primer-Plus-the-6th-\Chapter 5\practice\9.c", "C", 0, 25, 0, 0, 1, 26
"c:\Users\JIN01\Desktop\Solution-for-C-Primer-Plus-the-6th-\Chapter 5\rules.c", "C", 0, 8, 0, 0, 2, 10
"c:\Users\JIN01\Desktop\Solution-for-C-Primer-Plus-the-6th-\Chapter 5\running.c", "C", 0, 33, 0, 0, 4, 37
"c:\Users\JIN01\Desktop\Solution-for-C-Primer-Plus-the-6th-\Chapter 5\shoes1.c", "C", 0, 12, 0, 0, 2, 14
"c:\Users\JIN01\Desktop\Solution-for-C-Primer-Plus-the-6th-\Chapter 5\shoes2.c", "C", 0, 17, 0, 0, 2, 19
"c:\Users\JIN01\Desktop\Solution-for-C-Primer-Plus-the-6th-\Chapter 5\sizeof.c", "C", 0, 9, 0, 0, 1, 10
"c:\Users\JIN01\Desktop\Solution-for-C-Primer-Plus-the-6th-\Chapter 5\squares.c", "C", 0, 11, 0, 0, 1, 12
"c:\Users\JIN01\Desktop\Solution-for-C-Primer-Plus-the-6th-\Chapter 5\wheat.c", "C", 0, 23, 0, 0, 2, 25
"c:\Users\JIN01\Desktop\Solution-for-C-Primer-Plus-the-6th-\Chapter 6\boolean.c", "C", 0, 18, 0, 0, 3, 21
"c:\Users\JIN01\Desktop\Solution-for-C-Primer-Plus-the-6th-\Chapter 6\cmpflt.c", "C", 0, 16, 0, 0, 2, 18
"c:\Users\JIN01\Desktop\Solution-for-C-Primer-Plus-the-6th-\Chapter 6\do_while.c", "C", 0, 14, 0, 0, 2, 16
"c:\Users\JIN01\Desktop\Solution-for-C-Primer-Plus-the-6th-\Chapter 6\entry.c", "C", 0, 17, 0, 0, 3, 20
"c:\Users\JIN01\Desktop\Solution-for-C-Primer-Plus-the-6th-\Chapter 6\for_cube.c", "C", 0, 11, 0, 0, 1, 12
"c:\Users\JIN01\Desktop\Solution-for-C-Primer-Plus-the-6th-\Chapter 6\postage.c", "C", 0, 11, 0, 0, 3, 14
"c:\Users\JIN01\Desktop\Solution-for-C-Primer-Plus-the-6th-\Chapter 6\power.c", "C", 0, 26, 0, 0, 2, 28
"c:\Users\JIN01\Desktop\Solution-for-C-Primer-Plus-the-6th-\Chapter 6\practice\1.c", "C", 0, 12, 0, 0, 0, 12
"c:\Users\JIN01\Desktop\Solution-for-C-Primer-Plus-the-6th-\Chapter 6\practice\10.c", "C", 0, 18, 0, 0, 0, 18
"c:\Users\JIN01\Desktop\Solution-for-C-Primer-Plus-the-6th-\Chapter 6\practice\11.c", "C", 0, 13, 0, 0, 2, 15
"c:\Users\JIN01\Desktop\Solution-for-C-Primer-Plus-the-6th-\Chapter 6\practice\12.c", "C", 0, 43, 0, 0, 3, 46
"c:\Users\JIN01\Desktop\Solution-for-C-Primer-Plus-the-6th-\Chapter 6\practice\13.c", "C", 0, 17, 0, 0, 1, 18
"c:\Users\JIN01\Desktop\Solution-for-C-Primer-Plus-the-6th-\Chapter 6\practice\14.c", "C", 0, 32, 0, 0, 0, 32
"c:\Users\JIN01\Desktop\Solution-for-C-Primer-Plus-the-6th-\Chapter 6\practice\15.c", "C", 0, 19, 0, 0, 1, 20
"c:\Users\JIN01\Desktop\Solution-for-C-Primer-Plus-the-6th-\Chapter 6\practice\16.c", "C", 0, 17, 0, 0, 0, 17
"c:\Users\JIN01\Desktop\Solution-for-C-Primer-Plus-the-6th-\Chapter 6\practice\17.c", "C", 0, 18, 0, 0, 0, 18
"c:\Users\JIN01\Desktop\Solution-for-C-Primer-Plus-the-6th-\Chapter 6\practice\18.c", "C", 0, 14, 0, 0, 1, 15
"c:\Users\JIN01\Desktop\Solution-for-C-Primer-Plus-the-6th-\Chapter 6\practice\2.c", "C", 0, 12, 0, 0, 0, 12
"c:\Users\JIN01\Desktop\Solution-for-C-Primer-Plus-the-6th-\Chapter 6\practice\3.c", "C", 0, 13, 0, 0, 0, 13
"c:\Users\JIN01\Desktop\Solution-for-C-Primer-Plus-the-6th-\Chapter 6\practice\4.c", "C", 0, 13, 0, 0, 0, 13
"c:\Users\JIN01\Desktop\Solution-for-C-Primer-Plus-the-6th-\Chapter 6\practice\5.c", "C", 0, 21, 0, 0, 0, 21
"c:\Users\JIN01\Desktop\Solution-for-C-Primer-Plus-the-6th-\Chapter 6\practice\6.c", "C", 0, 16, 0, 0, 1, 17
"c:\Users\JIN01\Desktop\Solution-for-C-Primer-Plus-the-6th-\Chapter 6\practice\7.c", "C", 0, 15, 0, 0, 0, 15
"c:\Users\JIN01\Desktop\Solution-for-C-Primer-Plus-the-6th-\Chapter 6\practice\8.c", "C", 0, 13, 0, 0, 0, 13
"c:\Users\JIN01\Desktop\Solution-for-C-Primer-Plus-the-6th-\Chapter 6\practice\9.c", "C", 0, 20, 0, 0, 0, 20
"c:\Users\JIN01\Desktop\Solution-for-C-Primer-Plus-the-6th-\Chapter 6\rows1.c", "C", 0, 15, 0, 0, 1, 16
"c:\Users\JIN01\Desktop\Solution-for-C-Primer-Plus-the-6th-\Chapter 6\rows2.c", "C", 0, 15, 0, 0, 1, 16
"c:\Users\JIN01\Desktop\Solution-for-C-Primer-Plus-the-6th-\Chapter 6\scores_in.c", "C", 0, 22, 0, 0, 1, 23
"c:\Users\JIN01\Desktop\Solution-for-C-Primer-Plus-the-6th-\Chapter 6\summing.c", "C", 0, 18, 0, 0, 2, 20
"c:\Users\JIN01\Desktop\Solution-for-C-Primer-Plus-the-6th-\Chapter 6\sweetie1.c", "C", 0, 12, 0, 0, 1, 13
"c:\Users\JIN01\Desktop\Solution-for-C-Primer-Plus-the-6th-\Chapter 6\sweetie2.c", "C", 0, 11, 0, 0, 2, 13
"c:\Users\JIN01\Desktop\Solution-for-C-Primer-Plus-the-6th-\Chapter 6\t_and_f.c", "C", 0, 9, 0, 0, 2, 11
"c:\Users\JIN01\Desktop\Solution-for-C-Primer-Plus-the-6th-\Chapter 6\trouble.c", "C", 0, 18, 0, 0, 1, 19
"c:\Users\JIN01\Desktop\Solution-for-C-Primer-Plus-the-6th-\Chapter 6\truth.c", "C", 0, 17, 0, 0, 3, 20
"c:\Users\JIN01\Desktop\Solution-for-C-Primer-Plus-the-6th-\Chapter 6\when.c", "C", 0, 13, 0, 0, 1, 14
"c:\Users\JIN01\Desktop\Solution-for-C-Primer-Plus-the-6th-\Chapter 6\while1.c", "C", 0, 10, 0, 0, 3, 13
"c:\Users\JIN01\Desktop\Solution-for-C-Primer-Plus-the-6th-\Chapter 6\while2.c", "C", 0, 11, 0, 0, 1, 12
"c:\Users\JIN01\Desktop\Solution-for-C-Primer-Plus-the-6th-\Chapter 6\zeno.c", "C", 0, 15, 0, 0, 2, 17
"c:\Users\JIN01\Desktop\Solution-for-C-Primer-Plus-the-6th-\Chapter 7\animals.c", "C", 0, 53, 0, 0, 2, 55
"c:\Users\JIN01\Desktop\Solution-for-C-Primer-Plus-the-6th-\Chapter 7\break.c", "C", 0, 20, 0, 0, 1, 21
"c:\Users\JIN01\Desktop\Solution-for-C-Primer-Plus-the-6th-\Chapter 7\chcount.c", "C", 0, 16, 0, 0, 1, 17
"c:\Users\JIN01\Desktop\Solution-for-C-Primer-Plus-the-6th-\Chapter 7\colddays.c", "C", 0, 28, 0, 0, 1, 29
"c:\Users\JIN01\Desktop\Solution-for-C-Primer-Plus-the-6th-\Chapter 7\cypher1.c", "C", 0, 21, 0, 0, 1, 22
"c:\Users\JIN01\Desktop\Solution-for-C-Primer-Plus-the-6th-\Chapter 7\cypher2.c", "C", 0, 19, 0, 0, 1, 20
"c:\Users\JIN01\Desktop\Solution-for-C-Primer-Plus-the-6th-\Chapter 7\divisors.c", "C", 0, 36, 0, 0, 2, 38
"c:\Users\JIN01\Desktop\Solution-for-C-Primer-Plus-the-6th-\Chapter 7\electric.c", "C", 0, 36, 0, 0, 3, 39
"c:\Users\JIN01\Desktop\Solution-for-C-Primer-Plus-the-6th-\Chapter 7\paint.c", "C", 0, 16, 0, 0, 1, 17
"c:\Users\JIN01\Desktop\Solution-for-C-Primer-Plus-the-6th-\Chapter 7\practice\1.c", "C", 0, 26, 0, 0, 0, 26
"c:\Users\JIN01\Desktop\Solution-for-C-Primer-Plus-the-6th-\Chapter 7\practice\10.c", "C", 0, 89, 0, 0, 1, 90
"c:\Users\JIN01\Desktop\Solution-for-C-Primer-Plus-the-6th-\Chapter 7\practice\11.c", "C", 0, 89, 0, 0, 12, 101
"c:\Users\JIN01\Desktop\Solution-for-C-Primer-Plus-the-6th-\Chapter 7\practice\2.c", "C", 0, 28, 0, 0, 0, 28
"c:\Users\JIN01\Desktop\Solution-for-C-Primer-Plus-the-6th-\Chapter 7\practice\3.c", "C", 0, 31, 0, 0, 0, 31
"c:\Users\JIN01\Desktop\Solution-for-C-Primer-Plus-the-6th-\Chapter 7\practice\4.c", "C", 0, 27, 0, 0, 1, 28
"c:\Users\JIN01\Desktop\Solution-for-C-Primer-Plus-the-6th-\Chapter 7\practice\5.c", "C", 0, 26, 0, 0, 0, 26
"c:\Users\JIN01\Desktop\Solution-for-C-Primer-Plus-the-6th-\Chapter 7\practice\6.c", "C", 0, 29, 0, 0, 1, 30
"c:\Users\JIN01\Desktop\Solution-for-C-Primer-Plus-the-6th-\Chapter 7\practice\7.c", "C", 0, 41, 0, 0, 0, 41
"c:\Users\JIN01\Desktop\Solution-for-C-Primer-Plus-the-6th-\Chapter 7\practice\8.c", "C", 0, 94, 0, 0, 3, 97
"c:\Users\JIN01\Desktop\Solution-for-C-Primer-Plus-the-6th-\Chapter 7\practice\9.c", "C", 0, 39, 0, 0, 1, 40
"c:\Users\JIN01\Desktop\Solution-for-C-Primer-Plus-the-6th-\Chapter 7\skippart.c", "C", 0, 36, 0, 0, 2, 38
"c:\Users\JIN01\Desktop\Solution-for-C-Primer-Plus-the-6th-\Chapter 7\vowel.c", "C", 0, 39, 0, 0, 3, 42
"c:\Users\JIN01\Desktop\Solution-for-C-Primer-Plus-the-6th-\Chapter 7\wordcnt.c", "C", 0, 41, 0, 0, 3, 44
"c:\Users\JIN01\Desktop\Solution-for-C-Primer-Plus-the-6th-\Chapter 8\checking.c", "C", 0, 88, 0, 0, 15, 103
"c:\Users\JIN01\Desktop\Solution-for-C-Primer-Plus-the-6th-\Chapter 8\echo.c", "C", 0, 10, 0, 0, 2, 12
"c:\Users\JIN01\Desktop\Solution-for-C-Primer-Plus-the-6th-\Chapter 8\echo_eof.c", "C", 0, 10, 0, 0, 2, 12
"c:\Users\JIN01\Desktop\Solution-for-C-Primer-Plus-the-6th-\Chapter 8\file_eof.c", "C", 0, 22, 0, 0, 2, 24
"c:\Users\JIN01\Desktop\Solution-for-C-Primer-Plus-the-6th-\Chapter 8\guess.c", "C", 0, 15, 0, 0, 3, 18
"c:\Users\JIN01\Desktop\Solution-for-C-Primer-Plus-the-6th-\Chapter 8\menuette.c", "C", 0, 81, 0, 0, 13, 94
"c:\Users\JIN01\Desktop\Solution-for-C-Primer-Plus-the-6th-\Chapter 8\practice\1.c", "C", 0, 11, 0, 0, 1, 12
"c:\Users\JIN01\Desktop\Solution-for-C-Primer-Plus-the-6th-\Chapter 8\practice\2.c", "C", 0, 32, 0, 0, 1, 33
"c:\Users\JIN01\Desktop\Solution-for-C-Primer-Plus-the-6th-\Chapter 8\practice\3.c", "C", 0, 21, 0, 0, 2, 23
"c:\Users\JIN01\Desktop\Solution-for-C-Primer-Plus-the-6th-\Chapter 8\practice\4.c", "C", 0, 21, 0, 13, 2, 36
"c:\Users\JIN01\Desktop\Solution-for-C-Primer-Plus-the-6th-\Chapter 8\practice\5.c", "C", 0, 42, 0, 0, 4, 46
"c:\Users\JIN01\Desktop\Solution-for-C-Primer-Plus-the-6th-\Chapter 8\practice\6.c", "C", 0, 18, 0, 0, 5, 23
"c:\Users\JIN01\Desktop\Solution-for-C-Primer-Plus-the-6th-\Chapter 8\practice\7.c", "C", 0, 102, 0, 0, 8, 110
"c:\Users\JIN01\Desktop\Solution-for-C-Primer-Plus-the-6th-\Chapter 8\practice\8.c", "C", 0, 81, 0, 0, 5, 86
"c:\Users\JIN01\Desktop\Solution-for-C-Primer-Plus-the-6th-\Chapter 8\showchar1.c", "C", 0, 29, 0, 0, 2, 31
"c:\Users\JIN01\Desktop\Solution-for-C-Primer-Plus-the-6th-\Chapter 8\showchar2.c", "C", 0, 36, 0, 0, 2, 38
"c:\Users\JIN01\Desktop\Solution-for-C-Primer-Plus-the-6th-\Chapter 9\UseHotel\hotel.c", "C", 0, 44, 0, 9, 9, 62
"c:\Users\JIN01\Desktop\Solution-for-C-Primer-Plus-the-6th-\Chapter 9\UseHotel\hotel.h", "C++", 0, 0, 10, 0, 3, 13
"c:\Users\JIN01\Desktop\Solution-for-C-Primer-Plus-the-6th-\Chapter 9\UseHotel\usehotel.c", "C", 0, 33, 0, 0, 3, 36
"c:\Users\JIN01\Desktop\Solution-for-C-Primer-Plus-the-6th-\Chapter 9\binary.c", "C", 0, 27, 0, 0, 5, 32
"c:\Users\JIN01\Desktop\Solution-for-C-Primer-Plus-the-6th-\Chapter 9\factor.c", "C", 0, 52, 0, 0, 8, 60
"c:\Users\JIN01\Desktop\Solution-for-C-Primer-Plus-the-6th-\Chapter 9\lesser.c", "C", 0, 28, 0, 0, 4, 32
"c:\Users\JIN01\Desktop\Solution-for-C-Primer-Plus-the-6th-\Chapter 9\lethead1.c", "C", 0, 24, 0, 0, 6, 30
"c:\Users\JIN01\Desktop\Solution-for-C-Primer-Plus-the-6th-\Chapter 9\lethead2.c", "C", 0, 32, 0, 0, 8, 40
"c:\Users\JIN01\Desktop\Solution-for-C-Primer-Plus-the-6th-\Chapter 9\loccheck.c", "C", 0, 17, 0, 0, 5, 22
"c:\Users\JIN01\Desktop\Solution-for-C-Primer-Plus-the-6th-\Chapter 9\misuse.c", "C", 0, 13, 0, 0, 3, 16
"c:\Users\JIN01\Desktop\Solution-for-C-Primer-Plus-the-6th-\Chapter 9\practice\1.c", "C", 0, 21, 0, 0, 4, 25
"c:\Users\JIN01\Desktop\Solution-for-C-Primer-Plus-the-6th-\Chapter 9\practice\10.c", "C", 0, 37, 0, 0, 2, 39
"c:\Users\JIN01\Desktop\Solution-for-C-Primer-Plus-the-6th-\Chapter 9\practice\11.c", "C", 0, 30, 0, 0, 2, 32
"c:\Users\JIN01\Desktop\Solution-for-C-Primer-Plus-the-6th-\Chapter 9\practice\2.c", "C", 0, 25, 0, 0, 4, 29
"c:\Users\JIN01\Desktop\Solution-for-C-Primer-Plus-the-6th-\Chapter 9\practice\3.c", "C", 0, 25, 0, 0, 4, 29
"c:\Users\JIN01\Desktop\Solution-for-C-Primer-Plus-the-6th-\Chapter 9\practice\4.c", "C", 0, 14, 0, 0, 6, 20
"c:\Users\JIN01\Desktop\Solution-for-C-Primer-Plus-the-6th-\Chapter 9\practice\5.c", "C", 0, 24, 0, 0, 4, 28
"c:\Users\JIN01\Desktop\Solution-for-C-Primer-Plus-the-6th-\Chapter 9\practice\6.c", "C", 0, 34, 0, 0, 4, 38
"c:\Users\JIN01\Desktop\Solution-for-C-Primer-Plus-the-6th-\Chapter 9\practice\7.c", "C", 0, 39, 0, 0, 4, 43
"c:\Users\JIN01\Desktop\Solution-for-C-Primer-Plus-the-6th-\Chapter 9\practice\8.c", "C", 0, 52, 0, 0, 4, 56
"c:\Users\JIN01\Desktop\Solution-for-C-Primer-Plus-the-6th-\Chapter 9\practice\9.c", "C", 0, 44, 0, 0, 4, 48
"c:\Users\JIN01\Desktop\Solution-for-C-Primer-Plus-the-6th-\Chapter 9\proto.c", "C", 0, 14, 0, 4, 2, 20
"c:\Users\JIN01\Desktop\Solution-for-C-Primer-Plus-the-6th-\Chapter 9\recur.c", "C", 0, 16, 0, 0, 2, 18
"c:\Users\JIN01\Desktop\Solution-for-C-Primer-Plus-the-6th-\Chapter 9\swap1.c", "C", 0, 17, 0, 0, 5, 22
"c:\Users\JIN01\Desktop\Solution-for-C-Primer-Plus-the-6th-\Chapter 9\swap2.c", "C", 0, 18, 0, 0, 5, 23
"c:\Users\JIN01\Desktop\Solution-for-C-Primer-Plus-the-6th-\Chapter 9\swap3.c", "C", 0, 17, 0, 0, 4, 21
"c:\Users\JIN01\Desktop\Solution-for-C-Primer-Plus-the-6th-\README.md", "Markdown", 1, 0, 0, 0, 1, 2
"Total", "-", 1, 7552, 24, 57, 906, 8540